<?xml version="1.0" encoding="UTF-8"?>
<preferences>
 <debug showDebugMenu="0" />
 <systemtable>
  <columns>
   <connections preferredWidth="175" />
   <irq preferredWidth="34" />
  </columns>
 </systemtable>
 <clocktable>
  <columns>
   <clockname preferredWidth="757" />
   <clocksource preferredWidth="756" />
   <frequency preferredWidth="741" />
  </columns>
 </clocktable>
 <library
   expandedCategories="Library/Interface Protocols/Serial,Library/University Program/Communications,Library,Library/Interface Protocols,Library/University Program,Project" />
 <window width="2600" height="1515" x="-20" y="39" />
 <hdlexample language="VERILOG" />
</preferences>
